{
  "alpha": 0.1,
  "calibration_size": 890,
  "q_hat": 0.27640126673225707,
  "coverage": 0.9191011235955057,
  "coverage_aki": 0.7005649717514124,
  "coverage_noaki": 0.9733520336605891,
  "singleton_fraction": 0.9707865168539326,
  "uncertain_fraction": 0.0,
  "cv_auc_mean": 0.9258722197129975,
  "cv_auc_std": 0.007246276950247044,
  "cv_coverage_mean": 0.9065168539325843,
  "cv_coverage_std": 0.011941869892661942,
  "best_model": "Gradient Boosting",
  "n_patients": 4450,
  "n_train": 2670,
  "n_cal": 890,
  "n_test": 890,
  "aki_prevalence": 0.19887640449438201,
  "n_features": 76
}