{
  "dataset": "PhysioNet 2019 (BIDMC train, Emory external)",
  "n_bidmc": 19875,
  "n_emory": 18412,
  "n_train": 13912,
  "n_cal": 5963,
  "aki_prev_bidmc": 0.11753459119496855,
  "aki_prev_emory": 0.08928959374321095,
  "n_features": 195,
  "best_model": "XGBoost",
  "best_auc_external": 0.9358956667548894,
  "best_auprc_external": 0.6574304264163062,
  "marginal_coverage_ext": 0.9212470128177276,
  "marginal_cov_aki_ext": 0.3126520681265207,
  "marginal_cov_noaki_ext": 0.9809160305343512,
  "cc_coverage_ext": 0.9885400825548555,
  "cc_cov_aki_ext": 0.871654501216545,
  "cc_cov_noaki_ext": 1.0,
  "raw_ece": 0.010859887154808085,
  "iso_ece": 0.01030608320128405,
  "cv_auc_mean": 0.926166715383738,
  "cv_auc_std": 0.008626698364019218,
  "cv_cov_mean": 0.8983903420523138,
  "cv_cov_std": 0.006177095144067895,
  "cv_cc_aki_mean": 0.8881200654743392,
  "cv_cc_aki_std": 0.020034969775323618,
  "n_models": 5
}